from,to,cost_per_unit_shipped,transportation_method,congestion_level
1,2,21,Air Freight,91
1,3,15,Diesel Trucks,89
1,4,24,Electrified Rail,77
1,6,15,Air Freight,32
2,3,11,Cargo Ships (Heavy Fuel Oil),28
2,5,5,Diesel Trucks,100
2,6,13,Diesel Rail,97
2,7,24,Diesel Trucks,111
3,1,23,Air Freight,35
3,7,24,Air Freight,97
4,2,15,Cargo Ships (Heavy Fuel Oil),91
4,3,14,Air Freight,20
4,5,5,Diesel Rail,106
4,6,6,Cargo Ships (Heavy Fuel Oil),77
4,7,10,Cargo Ships (Heavy Fuel Oil),31
5,4,12,Slow Steaming Cargo Ships,107
6,1,11,Electric/Hybrid Trucks,84
6,2,18,Diesel Rail,90
6,4,24,Cargo Ships (Heavy Fuel Oil),116
6,5,11,Wind-powered Ships,70
6,7,10,Electric/Hybrid Trucks,31
7,4,12,Air Freight,96
7,5,23,Slow Steaming Cargo Ships,96
7,6,20,Air Freight,82
