employee,monthly_salary
Twinkle Taffybell,4472.64
Crispy Crumbcatcher,7836.59
Bubbles Butterbean,7911.67
Caramel Clementine,5352.76
Whimsy Whiskers,5847.38
Jellybean Juniper,5600.48
Nibbles Nectarine,4927.23
Sassy Sourstripe,5203.44
Jiggly Juliebean,5602.28
Scooter Snickerdoodle,6911.26
Sprinkle Bea,6230.07
Whirly Winnie,5412.54
Maple Marshmallow,5264.2
Zippy Licorice,6868.98
Tootsie McGiggly,6554.47
Fizzabelle Pop,3785.84
Sparkle Sundae,4302.64
Tina Tootsie,6514.47
Chuck ChocoChip,6795.36
Chuckles Choco,6737.32
Truffle Tilda,3837.66
Candy Carmichael,5535.56
Fizzwick Frost,4079.66
Poppi Lollipop,4914.07
Marshmallow Molly,4709.26
Gumdrop Grace,6194.97
Taffy Twinkleton,5688.94
Sunny Sassafras,6878.82
Muffin McMint,4760.4
Nougat Nelly,5836.0
Misty Mallow,5414.53
Twizzle Taffeta,5994.15
Lulu Licorice,3956.37
Wiggles Wafflecone,6680.18
Gingersnap Gwen,5699.26
Cocoa Clement,4580.7
Pixie Peppermint,7397.69
Nifty Nougatine,4493.16
Benny Bonbon,6091.25
Chompers McSweet,6223.3
Dizzy Dandelion,4968.7
Dottie Dotsworth,6960.64
Merry Marzipan,3642.86
Snickersnack Sam,6194.11
